Nombre,Cargo,Sueldo Bruto,Descuento AFP,Descuento Salud,Sueldo Líquido
María García,DESARROLLADOR,625674,62567.4,43797.18000000001,519309.42
Ana Martínez,DESARROLLADOR,748489,74848.90000000001,52394.23,621245.87
Miguel Sánchez,DESARROLLADOR,363125,36312.5,25418.750000000004,301393.75
Elena Fernández,DESARROLLADOR,215577,21557.7,15090.390000000001,178928.90999999997
